<?xml version="1.0" encoding="UTF-8"?>
<root>
  <item name="com.cardconnect.consumersdk.swiper.core.terminals.bbpos.BBSwiperOTAController mCurrentConnectionState">
    <annotation name="androidx.annotation.StringDef">
      <val name="value" val="{com.cardconnect.consumersdk.swiper.core.terminals.bbpos.BBSwiperOTAController.STATE_CONNECTED, com.cardconnect.consumersdk.swiper.core.terminals.bbpos.BBSwiperOTAController.STATE_DISCONNECTED, com.cardconnect.consumersdk.swiper.core.terminals.bbpos.BBSwiperOTAController.STATE_CONNECTING, com.cardconnect.consumersdk.swiper.core.terminals.bbpos.BBSwiperOTAController.STATE_UPDATING, com.cardconnect.consumersdk.swiper.core.terminals.bbpos.BBSwiperOTAController.STATE_WAITING_FOR_DEVICE_TO_REBOOT}" />
    </annotation>
  </item>
  <item name="com.cardconnect.consumersdk.swiper.core.terminals.bbpos.BBSwiperOTAController mCurrentStep">
    <annotation name="androidx.annotation.StringDef">
      <val name="value" val="{com.cardconnect.consumersdk.swiper.core.terminals.bbpos.BBSwiperOTAController.STEP_KEY_INJECTION, com.cardconnect.consumersdk.swiper.core.terminals.bbpos.BBSwiperOTAController.STEP_FIRMWARE_UPDATE, com.cardconnect.consumersdk.swiper.core.terminals.bbpos.BBSwiperOTAController.STEP_CONFIG_UPDATE}" />
    </annotation>
  </item>
</root>

