{
  "project_info": {
    "project_number": "941554965534",
    "firebase_url": "https://latenightchauffeurs-8e5c1.firebaseio.com",
    "project_id": "latenightchauffeurs-8e5c1",
    "storage_bucket": "latenightchauffeurs-8e5c1.appspot.com"
  },
  "client": [
    {
      "client_info": {
        "mobilesdk_app_id": "1:941554965534:android:2d0adc990f64315d",
        "android_client_info": {
          "package_name": "com.latenightchauffeurs"
        }
      },
      "oauth_client": [
        {
          "client_id": "941554965534-r96mq604qo37cobo7ce02m13mj8mqdh9.apps.googleusercontent.com",
          "client_type": 3
        }
      ],
      "api_key": [
        {
          "current_key": "AIzaSyAA1orsrUrv8MHPXz3W9fXQ6_87y7-DZ_w"
        },
        {
          "current_key": "AIzaSyDhDD6XROfPs4WkFmbTHvV1KqkNVP1kEmk"
        }
      ],
      "services": {
        "analytics_service": {
          "status": 1
        },
        "appinvite_service": {
          "status": 1,
          "other_platform_oauth_client": []
        },
        "ads_service": {
          "status": 2
        }
      }
    },
    {
      "client_info": {
        "mobilesdk_app_id": "1:941554965534:android:a7a90803e390d8f8",
        "android_client_info": {
          "package_name": "com.lncdriver"
        }
      },
      "oauth_client": [
        {
          "client_id": "941554965534-r96mq604qo37cobo7ce02m13mj8mqdh9.apps.googleusercontent.com",
          "client_type": 3
        }
      ],
      "api_key": [
        {
          "current_key": "AIzaSyAA1orsrUrv8MHPXz3W9fXQ6_87y7-DZ_w"
        },
        {
          "current_key": "AIzaSyDhDD6XROfPs4WkFmbTHvV1KqkNVP1kEmk"
        }
      ],
      "services": {
        "analytics_service": {
          "status": 1
        },
        "appinvite_service": {
          "status": 1,
          "other_platform_oauth_client": []
        },
        "ads_service": {
          "status": 2
        }
      }
    }
  ],
  "configuration_version": "1"
}